"mega","noun","n"
"seoul","인구",1089
"seoul","보행",370
"seoul","시장",370
"seoul","교통",332
"seoul","약자",322
"seoul","시설",288
"seoul","지역",266
"seoul","감소",262
"seoul","추진",260
"seoul","시",256
"seoul","교통사고",240
"seoul","수",200
"seoul","고령화",197
"seoul","혁신",190
"seoul","횡단보도",190
"seoul","낙후",180
"seoul","도시",180
"seoul","복지",178
"seoul","사회",178
"seoul","공간",160
"seoul","유동",160
"seoul","정책",157
"seoul","출생",151
"seoul","고령자",150
"seoul","어려움",150
"seoul","활성",150
"seoul","증가",149
"seoul","건수",140
"seoul","고령",135
"seoul","대응",130
"seoul","위원회",120
"seoul","자치",120
"seoul","편의",118
"seoul","평균",117
"seoul","대표",110
"seoul","신호",110
"seoul","연장",110
"seoul","시민",107
"seoul","대상",102
"seoul","경찰",100
"seoul","경찰청",100
"seoul","과목",100
"seoul","미래",100
"seoul","상권",100
"seoul","연령",100
"seoul","사업",98
"seoul","인근",98
"seoul","수요",96
"seoul","전문",95
"seoul","지원",95
"seoul","교육감",93
"seoul","문화",92
"seoul","버스",92
"seoul","시간",92
"seoul","투입",91
"seoul","예방",90
"seoul","이번",90
"seoul","전통",90
"seoul","교통수단",86
"seoul","응답",86
"seoul","문제",81
"seoul","대형",80
"seoul","주택",80
"seoul","기업",74
"seoul","외과",74
"seoul","이용",72
"seoul","변화",70
"seoul","세미나",70
"seoul","연계",70
"seoul","위기",70
"seoul","지속",70
"seoul","해당",70
"seoul","예산",69
"seoul","확대",66
"seoul","의원",64
"seoul","필요",64
"seoul","성장",61
"seoul","개최",60
"seoul","교육",60
"seoul","노선",60
"seoul","세대",60
"seoul","협의",60
"seoul","후보",59
"seoul","미연",54
"seoul","발굴",54
"seoul","우수",54
"seoul","기대",52
"seoul","역할",52
"seoul","특별시",51
"seoul","공공",50
"seoul","공유",50
"seoul","대중교통",50
"seoul","마련",50
"seoul","배",50
"seoul","사진",50
"seoul","서비스",50
"seoul","어르신",50
"seoul","오후",50
"seoul","재정",50
"seoul","주요",50
"seoul","진흥",50
"seoul","청사",50
"seoul","환경",50
"seoul","의회",49
"seoul","극복",47
"seoul","자전거",46
"seoul","해결",46
"seoul","관계자",45
"seoul","시상",44
"seoul","전국",44
"seoul","교육청",43
"seoul","시내버스",43
"seoul","힘",41
"seoul","관심",40
"seoul","구조",40
"seoul","규모",40
"seoul","독서",40
"seoul","모범",40
"seoul","반대",40
"seoul","복합",40
"seoul","비율",40
"seoul","사례",40
"seoul","선제",40
"seoul","센터",40
"seoul","속",40
"seoul","쇼핑몰",40
"seoul","시행",40
"seoul","인",40
"seoul","일자리",40
"seoul","정비",40
"seoul","제공",40
"seoul","주거",40
"seoul","투표",40
"seoul","트렌드",40
"seoul","평가",40
"seoul","현훈",40
"seoul","회복",40
"seoul","개편",38
"seoul","학령",38
"seoul","선거",37
"seoul","실현",37
"seoul","토론회",35
"seoul","가량",34
"seoul","공동",34
"seoul","디딤돌",34
"seoul","소득",34
"seoul","신경외과",34
"seoul","당선",32
"seoul","안전",32
"seoul","간",31
"seoul","가구",30
"seoul","곳",30
"seoul","논의",30
"seoul","동안",30
"seoul","모색",30
"seoul","발전",30
"seoul","부부",30
"seoul","비판",30
"seoul","사실",30
"seoul","사업체",30
"seoul","사전",30
"seoul","상황",30
"seoul","서소문",30
"seoul","설명",30
"seoul","성적",30
"seoul","수도",30
"seoul","수상",30
"seoul","신혼",30
"seoul","실제",30
"seoul","실패",30
"seoul","안정",30
"seoul","양극",30
"seoul","역설",30
"seoul","영제",30
"seoul","예측",30
"seoul","월로",30
"seoul","위원장",30
"seoul","임대",30
"seoul","자리",30
"seoul","조성",30
"seoul","주최",30
"seoul","준공",30
"seoul","지점",30
"seoul","층",30
"seoul","회장",30
"seoul","대비",29
"seoul","수준",29
"seoul","실질",29
"seoul","연구원",28
"seoul","조합",28
"seoul","공교육",27
"seoul","보궐",27
"seoul","소멸",27
"seoul","질",27
"seoul","노인",25
"seoul","대부분",25
"seoul","한편",25
"seoul","국가",24
"seoul","기자",24
"seoul","민간",24
"seoul","아이",24
"seoul","관",22
"seoul","기록",22
"seoul","말",22
"seoul","본부",22
"seoul","용태",22
"seoul","장",22
"seoul","정착",22
"seoul","진보",22
"seoul","캠페인",22
"seoul","합동",22
"seoul","최근",21
"seoul","강",20
"seoul","강조",20
"seoul","경제",20
"seoul","고유",20
"seoul","골목길",20
"seoul","공급",20
"seoul","공항",20
"seoul","교통편",20
"seoul","글로벌",20
"seoul","남산",20
"seoul","뉴스",20
"seoul","도서관",20
"seoul","도심",20
"seoul","동",20
"seoul","동서",20
"seoul","때",20
"seoul","면적",20
"seoul","반증",20
"seoul","복구",20
"seoul","상담",20
"seoul","설립",20
"seoul","성사",20
"seoul","시내",20
"seoul","시청",20
"seoul","앞",20
"seoul","양성",20
"seoul","언론",20
"seoul","역사",20
"seoul","육성",20
"seoul","의문",20
"seoul","이날",20
"seoul","이용객",20
"seoul","적용",20
"seoul","전면",20
"seoul","전문가",20
"seoul","정도",20
"seoul","정부",20
"seoul","정체",20
"seoul","주민",20
"seoul","주장",20
"seoul","지탄",20
"seoul","창업",20
"seoul","청년",20
"seoul","추정",20
"seoul","축",20
"seoul","출발점",20
"seoul","취업",20
"seoul","통합",20
"seoul","통행",20
"seoul","특위",20
"seoul","패러다임",20
"seoul","해법",20
"seoul","행정",20
"seoul","현재",20
"seoul","혜택",20
"seoul","호평",20
"seoul","확정",20
"seoul","회사",20
"seoul","후생",20
"seoul","교통비",19
"seoul","부담",19
"seoul","상승",19
"seoul","세계",19
"seoul","유지",19
"seoul","제도",19
"seoul","파리",19
"seoul","활동",19
"seoul","개선",18
"seoul","기회",18
"seoul","도입",18
"seoul","반면",18
"seoul","예정",18
"seoul","자치구",18
"seoul","출산",18
"seoul","현황",18
"seoul","경우",17
"seoul","공약",17
"seoul","광역시",17
"seoul","국민",17
"seoul","단일",17
"seoul","모두",17
"seoul","일부",17
"seoul","제외",17
"seoul","종시",17
"seoul","지방",17
"seoul","직장",17
"seoul","청도군",17
"seoul","출퇴근",17
"seoul","폭력",17
"seoul","학교",17
"seoul","흉부외과",17
"seoul","전문의",16
"seoul","추세",16
"seoul","가능",15
"seoul","진행",15
"seoul","평일",15
"seoul","경영",14
"seoul","연구",14
"seoul","올해",14
"seoul","전체",14
"seoul","지급",14
"seoul","경",12
"seoul","공원",12
"seoul","급식",12
"seoul","민",12
"seoul","운행",12
"seoul","권한",11
"seoul","신규",11
"seoul","운송",11
"seoul","이유",11
"seoul","가사",10
"seoul","가정",10
"seoul","강당",10
"seoul","강서",10
"seoul","강화",10
"seoul","거리",10
"seoul","건강",10
"seoul","건립",10
"seoul","겨울",10
"seoul","결과",10
"seoul","경의선",10
"seoul","계기",10
"seoul","고급",10
"seoul","고용",10
"seoul","공보",10
"seoul","공직",10
"seoul","과정",10
"seoul","교실",10
"seoul","구",10
"seoul","구간",10
"seoul","구역",10
"seoul","국내",10
"seoul","국제",10
"seoul","국토",10
"seoul","국회",10
"seoul","군",10
"seoul","긍정",10
"seoul","기술",10
"seoul","기여",10
"seoul","기재",10
"seoul","기후",10
"seoul","나라",10
"seoul","날",10
"seoul","날씨",10
"seoul","내년",10
"seoul","내일",10
"seoul","노동자",10
"seoul","노력",10
"seoul","단체",10
"seoul","달성",10
"seoul","대당",10
"seoul","대대",10
"seoul","대상자",10
"seoul","대학",10
"seoul","동등",10
"seoul","동선",10
"seoul","동시",10
"seoul","동자",10
"seoul","동행",10
"seoul","디지털",10
"seoul","마음",10
"seoul","마장",10
"seoul","마트",10
"seoul","만족",10
"seoul","맞춤",10
"seoul","면",10
"seoul","몸",10
"seoul","물",10
"seoul","바칼로레아",10
"seoul","바탕",10
"seoul","밖",10
"seoul","반영",10
"seoul","방식",10
"seoul","방증",10
"seoul","방지",10
"seoul","보행로",10
"seoul","보호",10
"seoul","부",10
"seoul","부근",10
"seoul","부서",10
"seoul","부족",10
"seoul","북부",10
"seoul","분관",10
"seoul","분담",10
"seoul","분석",10
"seoul","분야",10
"seoul","분포",10
"seoul","불",10
"seoul","비자",10
"seoul","사",10
"seoul","사과",10
"seoul","사모",10
"seoul","사후",10
"seoul","산업",10
"seoul","상대",10
"seoul","생동",10
"seoul","생태",10
"seoul","선거법",10
"seoul","선생",10
"seoul","선정",10
"seoul","설계사",10
"seoul","설치",10
"seoul","성공",10
"seoul","성향",10
"seoul","소감문",10
"seoul","소월",10
"seoul","소유",10
"seoul","소파",10
"seoul","수강",10
"seoul","수립",10
"seoul","숫자",10
"seoul","숭례문",10
"seoul","승패",10
"seoul","시사",10
"seoul","시설물",10
"seoul","신임",10
"seoul","신청",10
"seoul","실",10
"seoul","실장",10
"seoul","심도",10
"seoul","심화",10
"seoul","아래",10
"seoul","아파트",10
"seoul","액수",10
"seoul","앵",10
"seoul","언론인",10
"seoul","역대",10
"seoul","연간",10
"seoul","연결",10
"seoul","연내",10
"seoul","영향",10
"seoul","예시",10
"seoul","오전",10
"seoul","외국인",10
"seoul","요청",10
"seoul","우려",10
"seoul","운영",10
"seoul","움직임",10
"seoul","위반",10
"seoul","의견",10
"seoul","의료",10
"seoul","의혹",10
"seoul","이주민",10
"seoul","이하",10
"seoul","인구수",10
"seoul","인재",10
"seoul","일",10
"seoul","일괄",10
"seoul","일대",10
"seoul","일방",10
"seoul","일상",10
"seoul","자랑",10
"seoul","자료",10
"seoul","자립",10
"seoul","자본",10
"seoul","자체",10
"seoul","작업",10
"seoul","재개발",10
"seoul","저조",10
"seoul","적극",10
"seoul","전경",10
"seoul","전년",10
"seoul","전담",10
"seoul","전망",10
"seoul","전신문",10
"seoul","전환",10
"seoul","절벽",10
"seoul","접근",10
"seoul","정년",10
"seoul","정산",10
"seoul","제기",10
"seoul","제보",10
"seoul","제시",10
"seoul","제안",10
"seoul","제안서",10
"seoul","조명",10
"seoul","조사",10
"seoul","주변",10
"seoul","주제",10
"seoul","중구",10
"seoul","중복",10
"seoul","중앙",10
"seoul","증대",10
"seoul","지위",10
"seoul","지정",10
"seoul","지하철",10
"seoul","직업",10
"seoul","진리",10
"seoul","차이",10
"seoul","참여",10
"seoul","창의",10
"seoul","천차만별",10
"seoul","체계",10
"seoul","총괄",10
"seoul","최고",10
"seoul","최대",10
"seoul","최저치",10
"seoul","축산물",10
"seoul","축제",10
"seoul","출생률",10
"seoul","취임사",10
"seoul","취지",10
"seoul","캠프",10
"seoul","테마파크",10
"seoul","토대",10
"seoul","통계청",10
"seoul","통과",10
"seoul","통매",10
"seoul","통신",10
"seoul","투표자",10
"seoul","특강",10
"seoul","특별",10
"seoul","펀드",10
"seoul","편리",10
"seoul","포럼",10
"seoul","표",10
"seoul","플로팅",10
"seoul","하루",10
"seoul","학생",10
"seoul","합계",10
"seoul","해",10
"seoul","행사",10
"seoul","향후",10
"seoul","허위",10
"seoul","협력",10
"seoul","혼잡도",10
"seoul","확충",10
"seoul","후",10
"seoul","대수",9
"seoul","만족도",9
"seoul","메커니즘",9
"seoul","배경",9
"seoul","의정",9
"seoul","이해",9
"seoul","인물",9
"seoul","지혜",9
"seoul","초선",9
"seoul","최저",9
"seoul","할인",9
"seoul","확장",9
"seoul","환승",9
"seoul","동의",8
"seoul","만남",8
"seoul","바우처",8
"seoul","발표",8
"seoul","방",8
"seoul","안",8
"seoul","양육",8
"seoul","월",8
"seoul","제고",8
"seoul","중단",8
"seoul","지원금",8
"seoul","한몫",8
"seoul","당선인",7
"seoul","도약",7
"seoul","동력",7
"seoul","성주",7
"seoul","성폭력",7
"seoul","시대",7
"seoul","진영",7
"seoul","확보",7
"seoul","빈곤",6
"seoul","치매",6
"seoul","환자",6
"seoul","건물",5
"seoul","굴곡",5
"seoul","단독",5
"seoul","도로는",5
"seoul","등",5
"seoul","보수",5
"seoul","보수세",5
"seoul","오피스",5
"seoul","이점",5
"seoul","자율",5
"seoul","종로",5
"seoul","주행",5
"seoul","기관",4
"seoul","시기",4
"seoul","씨",4
"seoul","가족",3
"seoul","관점",3
"seoul","방안",3
"seoul","수요자",3
"seoul","수입",3
"seoul","업체",3
"seoul","예상",3
"seoul","이상",3
"seoul","적자",3
"seoul","밀집",2
"seoul","보도",2
"seoul","일성",2
"seoul","주택가",2
"seoul","경쟁",1
"seoul","교사",1
"seoul","대행",1
"seoul","선발",1
"seoul","원서",1
"seoul","응시",1
"seoul","접수",1
"seoul","학년도",1
"kangwon","인구",1322
"kangwon","지역",657
"kangwon","감소",357
"kangwon","소멸",190
"kangwon","정책",190
"kangwon","산업",173
"kangwon","교육",167
"kangwon","교육청",164
"kangwon","개최",160
"kangwon","의료",160
"kangwon","관광",154
"kangwon","경제",152
"kangwon","강원",143
"kangwon","동계",140
"kangwon","문제",135
"kangwon","주요",134
"kangwon","전국",122
"kangwon","급증",120
"kangwon","이후",118
"kangwon","학령",116
"kangwon","추진",115
"kangwon","학생",112
"kangwon","사업",102
"kangwon","유입",102
"kangwon","생활",100
"kangwon","유출",100
"kangwon","특별",100
"kangwon","대응",98
"kangwon","환경",97
"kangwon","지원",91
"kangwon","공사",90
"kangwon","의원",90
"kangwon","체험",90
"kangwon","침체",90
"kangwon","도",87
"kangwon","교육감",86
"kangwon","폐광",86
"kangwon","지속",84
"kangwon","위기",81
"kangwon","효과",81
"kangwon","고용",80
"kangwon","기자",80
"kangwon","도시",80
"kangwon","시장",80
"kangwon","위원",80
"kangwon","문화",75
"kangwon","지방",75
"kangwon","걱정",70
"kangwon","동력",70
"kangwon","수준",70
"kangwon","연구",70
"kangwon","위원회",70
"kangwon","의회",70
"kangwon","존폐",70
"kangwon","최근",69
"kangwon","지난해",66
"kangwon","곳",65
"kangwon","관련",63
"kangwon","기대",62
"kangwon","가족",61
"kangwon","개발",60
"kangwon","대비",60
"kangwon","부각",60
"kangwon","성장",60
"kangwon","수",60
"kangwon","지사",60
"kangwon","지정",60
"kangwon","학교",60
"kangwon","발표",58
"kangwon","미래",55
"kangwon","위원장",55
"kangwon","변화",54
"kangwon","가운데",53
"kangwon","활성",53
"kangwon","부담",51
"kangwon","가속",50
"kangwon","계획",50
"kangwon","도민",50
"kangwon","배경",50
"kangwon","상하",50
"kangwon","스포츠",50
"kangwon","신문",50
"kangwon","에너지",50
"kangwon","예술",50
"kangwon","이번",50
"kangwon","자치",50
"kangwon","정치",50
"kangwon","제조",50
"kangwon","청소년",50
"kangwon","연구원",49
"kangwon","재정",48
"kangwon","개선",47
"kangwon","연령",46
"kangwon","청년",46
"kangwon","폐교",46
"kangwon","이하",45
"kangwon","주거",45
"kangwon","해결",45
"kangwon","비율",44
"kangwon","센터",44
"kangwon","대체",43
"kangwon","말",43
"kangwon","시",41
"kangwon","점",41
"kangwon","증가",41
"kangwon","행정",41
"kangwon","개혁",40
"kangwon","경기",40
"kangwon","고령",40
"kangwon","등록",40
"kangwon","리조트",40
"kangwon","사회",40
"kangwon","상황",40
"kangwon","생산",40
"kangwon","석탄",40
"kangwon","소외",40
"kangwon","스키",40
"kangwon","육성",40
"kangwon","자율",40
"kangwon","전입",40
"kangwon","주민",40
"kangwon","지자체",40
"kangwon","진행",40
"kangwon","파크",40
"kangwon","표준",40
"kangwon","운영",39
"kangwon","체류",38
"kangwon","기준",37
"kangwon","도내",36
"kangwon","올해",36
"kangwon","고성",35
"kangwon","고성군",35
"kangwon","극단",35
"kangwon","달",35
"kangwon","동네",35
"kangwon","루트",35
"kangwon","시인",35
"kangwon","연극",35
"kangwon","위",35
"kangwon","유일",35
"kangwon","최북단",35
"kangwon","이날",32
"kangwon","감안",31
"kangwon","군",31
"kangwon","극복",31
"kangwon","내년",31
"kangwon","여건",31
"kangwon","예산",31
"kangwon","유학생",31
"kangwon","정부",31
"kangwon","포함",31
"kangwon","경쟁",30
"kangwon","계층",30
"kangwon","과제",30
"kangwon","관광객",30
"kangwon","광역",30
"kangwon","교사",30
"kangwon","구조",30
"kangwon","국가",30
"kangwon","규정",30
"kangwon","균형",30
"kangwon","기본",30
"kangwon","내달",30
"kangwon","농공",30
"kangwon","다양",30
"kangwon","대책",30
"kangwon","대통령",30
"kangwon","반영",30
"kangwon","발전",30
"kangwon","방향",30
"kangwon","배",30
"kangwon","부결",30
"kangwon","부족",30
"kangwon","선수",30
"kangwon","수단",30
"kangwon","수도",30
"kangwon","어린이",30
"kangwon","여야",30
"kangwon","오늘",30
"kangwon","외국인",30
"kangwon","원",30
"kangwon","이사장",30
"kangwon","이주",30
"kangwon","일자리",30
"kangwon","자문",30
"kangwon","장기",30
"kangwon","정도",30
"kangwon","제도",30
"kangwon","제정",30
"kangwon","제조업",30
"kangwon","조례",30
"kangwon","주목",30
"kangwon","중립",30
"kangwon","중요",30
"kangwon","탄소",30
"kangwon","필요",30
"kangwon","확대",30
"kangwon","협력",28
"kangwon","복지",24
"kangwon","상생",24
"kangwon","소통",24
"kangwon","호텔",24
"kangwon","감사",23
"kangwon","방안",23
"kangwon","제공",23
"kangwon","고령화",22
"kangwon","규모",22
"kangwon","성과",22
"kangwon","인구수",22
"kangwon","추세",22
"kangwon","태백",22
"kangwon","통계",22
"kangwon","활용",22
"kangwon","출산",21
"kangwon","가정",20
"kangwon","가짜",20
"kangwon","간",20
"kangwon","갈등",20
"kangwon","강촌",20
"kangwon","건설",20
"kangwon","건축",20
"kangwon","겨울",20
"kangwon","결과",20
"kangwon","결합",20
"kangwon","경계",20
"kangwon","고도",20
"kangwon","고속도",20
"kangwon","공동",20
"kangwon","공무",20
"kangwon","공무원",20
"kangwon","공연",20
"kangwon","관",20
"kangwon","관심",20
"kangwon","구슬땀",20
"kangwon","구현",20
"kangwon","기록",20
"kangwon","기업",20
"kangwon","기초",20
"kangwon","내용",20
"kangwon","노고",20
"kangwon","뉴스",20
"kangwon","달성",20
"kangwon","당초",20
"kangwon","대안",20
"kangwon","대표",20
"kangwon","대회",20
"kangwon","도의",20
"kangwon","로봇",20
"kangwon","먹거리",20
"kangwon","메달",20
"kangwon","민주주의",20
"kangwon","바탕",20
"kangwon","방",20
"kangwon","분기",20
"kangwon","분석",20
"kangwon","사망률",20
"kangwon","상당수",20
"kangwon","서비스",20
"kangwon","선발",20
"kangwon","선점",20
"kangwon","성적",20
"kangwon","션",20
"kangwon","속초",20
"kangwon","시대",20
"kangwon","시도",20
"kangwon","안",20
"kangwon","양양",20
"kangwon","양육",20
"kangwon","어업",20
"kangwon","언급",20
"kangwon","여름",20
"kangwon","여행",20
"kangwon","역할",20
"kangwon","온라인",20
"kangwon","우려",20
"kangwon","워",20
"kangwon","위협",20
"kangwon","윤",20
"kangwon","의미",20
"kangwon","의정",20
"kangwon","이동",20
"kangwon","이유",20
"kangwon","인건비",20
"kangwon","인력",20
"kangwon","일",20
"kangwon","일환",20
"kangwon","임용",20
"kangwon","자유",20
"kangwon","장",20
"kangwon","장비",20
"kangwon","적극",20
"kangwon","전문대",20
"kangwon","정원",20
"kangwon","조성",20
"kangwon","중",20
"kangwon","증원",20
"kangwon","지난달",20
"kangwon","직",20
"kangwon","직업",20
"kangwon","진흥",20
"kangwon","질문",20
"kangwon","집중",20
"kangwon","창구",20
"kangwon","체육회",20
"kangwon","초등",20
"kangwon","초점",20
"kangwon","최종",20
"kangwon","친화",20
"kangwon","평가",20
"kangwon","평균",20
"kangwon","포럼",20
"kangwon","피부",20
"kangwon","필수",20
"kangwon","행",20
"kangwon","헌신",20
"kangwon","현황",20
"kangwon","호소문",20
"kangwon","홍천",20
"kangwon","회의",20
"kangwon","횡성군",20
"kangwon","훈련",20
"kangwon","결손",19
"kangwon","세수",19
"kangwon","소비",19
"kangwon","액",19
"kangwon","어려움",19
"kangwon","최대",19
"kangwon","거래",18
"kangwon","농지",18
"kangwon","패러다임",18
"kangwon","농어촌",17
"kangwon","오후",17
"kangwon","원주",17
"kangwon","유학",17
"kangwon","중심",17
"kangwon","공항",16
"kangwon","협의회",16
"kangwon","간담회",15
"kangwon","난",15
"kangwon","성공",15
"kangwon","시티",15
"kangwon","실마리",15
"kangwon","의견",15
"kangwon","기념",14
"kangwon","성격",14
"kangwon","관계자",13
"kangwon","도교",13
"kangwon","방문",13
"kangwon","육감",13
"kangwon","현장",13
"kangwon","금메달",12
"kangwon","기관",12
"kangwon","투자",12
"kangwon","강조",11
"kangwon","강화",11
"kangwon","가능",10
"kangwon","가수",10
"kangwon","가을",10
"kangwon","감산",10
"kangwon","강당",10
"kangwon","건수",10
"kangwon","걸음",10
"kangwon","격려",10
"kangwon","견인",10
"kangwon","결론",10
"kangwon","경관",10
"kangwon","경영주",10
"kangwon","계속",10
"kangwon","고양",10
"kangwon","고장",10
"kangwon","공간",10
"kangwon","공공",10
"kangwon","공백",10
"kangwon","공심",10
"kangwon","공통점",10
"kangwon","과",10
"kangwon","교류",10
"kangwon","교부",10
"kangwon","교장",10
"kangwon","교통사고",10
"kangwon","교통안전",10
"kangwon","구상",10
"kangwon","국민",10
"kangwon","국회",10
"kangwon","군부대",10
"kangwon","군수",10
"kangwon","그간",10
"kangwon","그래픽",10
"kangwon","근로자",10
"kangwon","글로벌",10
"kangwon","금",10
"kangwon","급속도",10
"kangwon","기",10
"kangwon","기금",10
"kangwon","기능",10
"kangwon","기숙사",10
"kangwon","기존",10
"kangwon","나라",10
"kangwon","나이",10
"kangwon","난제",10
"kangwon","남",10
"kangwon","남양주",10
"kangwon","내륙",10
"kangwon","노동부",10
"kangwon","논란",10
"kangwon","농축",10
"kangwon","다자녀",10
"kangwon","달리기",10
"kangwon","당선인",10
"kangwon","대장암",10
"kangwon","도정",10
"kangwon","도청",10
"kangwon","돌파구",10
"kangwon","동감",10
"kangwon","동시",10
"kangwon","동아리",10
"kangwon","동호회",10
"kangwon","뒤",10
"kangwon","때",10
"kangwon","러닝",10
"kangwon","마련",10
"kangwon","마케팅",10
"kangwon","만",10
"kangwon","맞춤",10
"kangwon","매각",10
"kangwon","명품",10
"kangwon","문턱",10
"kangwon","미래형",10
"kangwon","밀집",10
"kangwon","바다",10
"kangwon","밖",10
"kangwon","반값",10
"kangwon","반면",10
"kangwon","반응",10
"kangwon","발견",10
"kangwon","발굴",10
"kangwon","방한",10
"kangwon","배분",10
"kangwon","배정",10
"kangwon","법",10
"kangwon","보정",10
"kangwon","본회의",10
"kangwon","부상",10
"kangwon","분야",10
"kangwon","불만",10
"kangwon","불안",10
"kangwon","붕괴",10
"kangwon","비교",10
"kangwon","비례",10
"kangwon","사랑",10
"kangwon","사립",10
"kangwon","사망",10
"kangwon","사망자",10
"kangwon","사항",10
"kangwon","산업용",10
"kangwon","산정",10
"kangwon","상승",10
"kangwon","상응",10
"kangwon","상품",10
"kangwon","생각",10
"kangwon","서쪽",10
"kangwon","선",10
"kangwon","선수단",10
"kangwon","선원",10
"kangwon","선포",10
"kangwon","설명",10
"kangwon","세금",10
"kangwon","세사",10
"kangwon","세종",10
"kangwon","소득",10
"kangwon","소지",10
"kangwon","속",10
"kangwon","수립",10
"kangwon","수행",10
"kangwon","순",10
"kangwon","숫자",10
"kangwon","시기",10
"kangwon","시범",10
"kangwon","시절",10
"kangwon","시책",10
"kangwon","시행",10
"kangwon","시험",10
"kangwon","신고",10
"kangwon","신규",10
"kangwon","신설",10
"kangwon","신축",10
"kangwon","실질",10
"kangwon","실천",10
"kangwon","실패",10
"kangwon","심의",10
"kangwon","심정",10
"kangwon","심화",10
"kangwon","씨",10
"kangwon","아이",10
"kangwon","아이디어",10
"kangwon","악화",10
"kangwon","안전망",10
"kangwon","안팎",10
"kangwon","앤",10
"kangwon","양구",10
"kangwon","양구군",10
"kangwon","어스",10
"kangwon","어촌",10
"kangwon","여성",10
"kangwon","역대",10
"kangwon","역대응",10
"kangwon","연수",10
"kangwon","연수원",10
"kangwon","열풍",10
"kangwon","영광",10
"kangwon","영주",10
"kangwon","영향",10
"kangwon","예상",10
"kangwon","외손",10
"kangwon","요구",10
"kangwon","요약",10
"kangwon","요즘",10
"kangwon","요트",10
"kangwon","원제",10
"kangwon","위촉",10
"kangwon","위치",10
"kangwon","유치",10
"kangwon","은",10
"kangwon","응답",10
"kangwon","의료진",10
"kangwon","의장",10
"kangwon","의존",10
"kangwon","의존도",10
"kangwon","이동성",10
"kangwon","이름",10
"kangwon","이상",10
"kangwon","이슈",10
"kangwon","이외",10
"kangwon","이전",10
"kangwon","인원",10
"kangwon","인접",10
"kangwon","일반",10
"kangwon","임시회",10
"kangwon","자",10
"kangwon","자구책",10
"kangwon","자녀",10
"kangwon","자랑",10
"kangwon","자료",10
"kangwon","자리",10
"kangwon","자연",10
"kangwon","자치구",10
"kangwon","자칭",10
"kangwon","자택",10
"kangwon","장망",10
"kangwon","재작년",10
"kangwon","저력",10
"kangwon","전",10
"kangwon","전경",10
"kangwon","전년",10
"kangwon","전담",10
"kangwon","전망",10
"kangwon","전문",10
"kangwon","전체",10
"kangwon","전출",10
"kangwon","전환",10
"kangwon","정보원",10
"kangwon","정상",10
"kangwon","정성",10
"kangwon","정착",10
"kangwon","제외",10
"kangwon","제패",10
"kangwon","조정",10
"kangwon","종목",10
"kangwon","종합",10
"kangwon","주장",10
"kangwon","주학생",10
"kangwon","중부",10
"kangwon","중심축",10
"kangwon","중추",10
"kangwon","증진",10
"kangwon","지구",10
"kangwon","지금",10
"kangwon","지식",10
"kangwon","집계",10
"kangwon","집행",10
"kangwon","차등",10
"kangwon","참담",10
"kangwon","참석",10
"kangwon","채",10
"kangwon","청사",10
"kangwon","체계",10
"kangwon","체육",10
"kangwon","초청",10
"kangwon","총득점",10
"kangwon","촬영",10
"kangwon","최고",10
"kangwon","최소치",10
"kangwon","최저치",10
"kangwon","추계",10
"kangwon","추정",10
"kangwon","출생",10
"kangwon","출생률",10
"kangwon","출전",10
"kangwon","측근",10
"kangwon","측면",10
"kangwon","코리아",10
"kangwon","클립아트",10
"kangwon","타지",10
"kangwon","토크",10
"kangwon","통계청",10
"kangwon","트렌드",10
"kangwon","특위",10
"kangwon","티브이",10
"kangwon","팀",10
"kangwon","파업",10
"kangwon","판촉",10
"kangwon","폐렴",10
"kangwon","포인트",10
"kangwon","폭",10
"kangwon","폼",10
"kangwon","프로젝트",10
"kangwon","플랫",10
"kangwon","피해",10
"kangwon","필두",10
"kangwon","하반기",10
"kangwon","학년도",10
"kangwon","학부모",10
"kangwon","한계",10
"kangwon","한글",10
"kangwon","한우",10
"kangwon","한편",10
"kangwon","해외",10
"kangwon","해체",10
"kangwon","핵심",10
"kangwon","행사",10
"kangwon","향상",10
"kangwon","현안",10
"kangwon","현재",10
"kangwon","현지",10
"kangwon","협약",10
"kangwon","형제",10
"kangwon","홍보",10
"kangwon","홍천군",10
"kangwon","확보",10
"kangwon","활동",10
"kangwon","회관",10
"kangwon","회원",10
"kangwon","회자",10
"kangwon","회장",10
"kangwon","획득",10
"kangwon","힘",10
"kangwon","농촌",9
"kangwon","도입",9
"kangwon","발생",9
"kangwon","쉼터",9
"kangwon","지출액",9
"kangwon","개항",8
"kangwon","교수",8
"kangwon","기후",8
"kangwon","노력",8
"kangwon","믹",8
"kangwon","송기",8
"kangwon","술대",8
"kangwon","주제",8
"kangwon","학기",8
"kangwon","항공",8
"kangwon","검사",7
"kangwon","바이오산업",7
"kangwon","분류",7
"kangwon","사람",7
"kangwon","유형",7
"kangwon","중점",7
"kangwon","차",7
"kangwon","천연물",7
"kangwon","테스트",7
"kangwon","횡",7
"kangwon","대",6
"kangwon","대부분",6
"kangwon","대학",6
"kangwon","레스토랑",6
"kangwon","문",6
"kangwon","식당",6
"kangwon","인근",6
"kangwon","직원",6
"kangwon","집",6
"kangwon","산모",5
"kangwon","강좌",4
"kangwon","날",4
"kangwon","논의",4
"kangwon","다음",4
"kangwon","대학교",4
"kangwon","병원",4
"kangwon","보건",4
"kangwon","신생아",4
"kangwon","안건",4
"kangwon","육아",4
"kangwon","임산부",4
"kangwon","지회",4
"kangwon","치료",4
"kangwon","콘서트",4
"kangwon","통합",4
"kangwon","협회",4
"kangwon","힐링",4
"kangwon","결심",3
"kangwon","광업소",3
"kangwon","군구",3
"kangwon","말씀",3
"kangwon","브리핑",3
"kangwon","장성",3
"kangwon","절벽",3
"kangwon","차관",3
"kangwon","청취",3
"kangwon","택",3
"kangwon","터",3
"kangwon","형편",3
"kangwon","고등",2
"kangwon","공동체",2
"kangwon","냉장고",2
"kangwon","노인",2
"kangwon","독거",2
"kangwon","마을",2
"kangwon","원정",2
"kangwon","자립",2
"kangwon","전달",2
"kangwon","전달식",2
"kangwon","전부",2
"kangwon","증권",2
"kangwon","체전",2
"kangwon","감수",1
"kangwon","불편",1
"kangwon","산후",1
"kangwon","산후조리원",1
"kangwon","조리",1
"kangwon","차원",1
"kangwon","취약",1
